Ticker,CÃ³digo
ABCB4.SA,ABCB4
ABEV3.SA,ABEV3
BBAS3.SA,BBAS3
BBDC3.SA,BBDC3
BBDC4.SA,BBDC4
BPAC11.SA,BPAC11
BPAN4.SA,BPAN4
BRAP4.SA,BRAP4
BRKM5.SA,BRKM5
BRML3.SA,BRML3
CARD3.SA,CARD3
CCRO3.SA,CCRO3
CIEL3.SA,CIEL3
CMIG4.SA,CMIG4
CPFE3.SA,CPFE3
CPLE6.SA,CPLE6
CRFB3.SA,CRFB3
CSAN3.SA,CSAN3
CSNA3.SA,CSNA3
CVCB3.SA,CVCB3
CYRE3.SA,CYRE3
DXCO3.SA,DXCO3
EGIE3.SA,EGIE3
ELET3.SA,ELET3
ELET6.SA,ELET6
EMBR3.SA,EMBR3
ENBR3.SA,ENBR3
ENGI11.SA,ENGI11
EQTL3.SA,EQTL3
FLRY3.SA,FLRY3
GGBR4.SA,GGBR4
GNDI3.SA,GNDI3
GOAU4.SA,GOAU4
HAPV3.SA,HAPV3
HYPE3.SA,HYPE3
IGTA3.SA,IGTA3
IRBR3.SA,IRBR3
ITSA4.SA,ITSA4
ITUB4.SA,ITUB4
JHSF3.SA,JHSF3
JSLG3.SA,JSLG3
KLBN11.SA,KLBN11
LIGT3.SA,LIGT3
LREN3.SA,LREN3
LWSA3.SA,LWSA3
MGLU3.SA,MGLU3
MRFG3.SA,MRFG3
MRVE3.SA,MRVE3
MULT3.SA,MULT3
NTCO3.SA,NTCO3
PCAR3.SA,PCAR3
PETR3.SA,PETR3
PETR4.SA,PETR4
PETZ3.SA,PETZ3
POMO4.SA,POMO4
POSI3.SA,POSI3
PRIO3.SA,PRIO3
QUAL3.SA,QUAL3
RADL3.SA,RADL3
RAIL3.SA,RAIL3
RAPT4.SA,RAPT4
RDOR3.SA,RDOR3
RECV3.SA,RECV3
RENT3.SA,RENT3
RRRP3.SA,RRRP3
SANB11.SA,SANB11
SBSP3.SA,SBSP3
SLCE3.SA,SLCE3
SMTO3.SA,SMTO3
SOMA3.SA,SOMA3
SUZB3.SA,SUZB3
TAEE11.SA,TAEE11
TEND3.SA,TEND3
TGMA3.SA,TGMA3
TIMS3.SA,TIMS3
TOTS3.SA,TOTS3
TRPL4.SA,TRPL4
UGPA3.SA,UGPA3
USIM5.SA,USIM5
VALE3.SA,VALE3
VAMO3.SA,VAMO3
VBBR3.SA,VBBR3
VIIA3.SA,VIIA3
VIVT3.SA,VIVT3
VLID3.SA,VLID3
VSTE3.SA,VSTE3
VVAR3.SA,VVAR3
WEGE3.SA,WEGE3
WIZS3.SA,WIZS3
YDUQ3.SA,YDUQ3
ZAMP3.SA,ZAMP3
